FormalSystem/Boneyard/KampBypassArchive/GeneralExistPart.lean	FormalSystem.Metalogic.WeakCanonical.Kamp.KampBypass	MISSING
FormalSystem/Boneyard/KampBypassArchive/GeneralExistPart.lean	FormalSystem.Metalogic.WeakCanonical.Kamp.NfComposition	MISSING
FormalSystem/Boneyard/KampBypassArchive/KampBypass.lean	FormalSystem.Metalogic.WeakCanonical.Kamp.KampBypassEqCase	MISSING
FormalSystem/Boneyard/KampBypassArchive/KampBypass.lean	FormalSystem.Metalogic.WeakCanonical.Kamp.KampBypassUntil	MISSING
FormalSystem/Boneyard/KampBypassArchive/KampBypass.lean	FormalSystem.Metalogic.WeakCanonical.Kamp.KampBypassSince	MISSING
FormalSystem/Boneyard/KampBypassArchive/KampBypass.lean	FormalSystem.Metalogic.WeakCanonical.Kamp.KampComposition	MISSING
FormalSystem/Boneyard/KampBypassArchive/KampBypass.lean	FormalSystem.Metalogic.WeakCanonical.Kamp.PriorComposition	MISSING
FormalSystem/Boneyard/KampBypassArchive/KampBypassBridge.lean	FormalSystem.Metalogic.WeakCanonical.Kamp.KampBypassCore	MISSING
FormalSystem/Boneyard/KampBypassArchive/KampBypassCore.lean	FormalSystem.Metalogic.WeakCanonical.Kamp.ZoneBridge	MISSING
FormalSystem/Boneyard/KampBypassArchive/KampBypassEqCase.lean	FormalSystem.Metalogic.WeakCanonical.Kamp.KampBypassCore	MISSING
FormalSystem/Boneyard/KampBypassArchive/KampBypassK1.lean	FormalSystem.Metalogic.WeakCanonical.Kamp.KampBypassCore	MISSING
FormalSystem/Boneyard/KampBypassArchive/KampBypassK1.lean	FormalSystem.Metalogic.WeakCanonical.Kamp.WitnessCount	MISSING
FormalSystem/Boneyard/KampBypassArchive/KampBypassK1.lean	FormalSystem.Metalogic.WeakCanonical.Kamp.PriorComposition	MISSING
FormalSystem/Boneyard/KampBypassArchive/KampBypassSince.lean	FormalSystem.Metalogic.WeakCanonical.Kamp.KampBypassBridge	MISSING
FormalSystem/Boneyard/KampBypassArchive/KampBypassUntil.lean	FormalSystem.Metalogic.WeakCanonical.Kamp.KampBypassBridge	MISSING
FormalSystem/Boneyard/KampBypassArchive/KampForward.lean	FormalSystem.Metalogic.WeakCanonical.Kamp.ZoneBridge	MISSING
FormalSystem/Boneyard/KampBypassArchive/KampForward.lean	FormalSystem.Metalogic.WeakCanonical.Kamp.KampBypass	MISSING
FormalSystem/Boneyard/KampBypassArchive/KampMutualInduction.lean	FormalSystem.Metalogic.WeakCanonical.Kamp.NfCharFormula	MISSING
FormalSystem/Boneyard/KampBypassArchive/KampMutualInduction.lean	FormalSystem.Metalogic.WeakCanonical.Kamp.KampBypass	MISSING
FormalSystem/Boneyard/KampBypassArchive/KampMutualInduction.lean	FormalSystem.Metalogic.WeakCanonical.Kamp.NfComposition	MISSING
FormalSystem/Boneyard/KampBypassArchive/NfCharFormula.lean	FormalSystem.Metalogic.WeakCanonical.Kamp.KampBypass	MISSING
FormalSystem/Boneyard/KampBypassArchive/NfCharFormula.lean	FormalSystem.Metalogic.WeakCanonical.Kamp.KampForward	MISSING
FormalSystem/Boneyard/KampBypassArchive/PriorComposition.lean	FormalSystem.Metalogic.WeakCanonical.Kamp.KampComposition	MISSING
FormalSystem/Boneyard/KampBypassArchive/PriorComposition_old.lean	FormalSystem.Metalogic.WeakCanonical.Kamp.KampComposition	MISSING
FormalSystem/Boneyard/FiltrationOrdering/SigmaOrdering.lean	FormalSystem.Metalogic.BXCanonical.Quasimodel.EnrichedClosure	MISSING
FormalSystem/Boneyard/UltrafilterFrame/UltrafilterFrame.lean	FormalSystem.Metalogic.Algebraic.ParametricTruthLemma	MISSING
FormalSystem/Boneyard/RoundRobinChain/DRMChain.lean	FormalSystem.Metalogic.Bundle.SuccExistence	MISSING
FormalSystem/Boneyard/KampNegationClosure/FoToVecEA.lean	FormalSystem.Metalogic.WeakCanonical.Kamp.NegationClosureProp42	MISSING
FormalSystem/Boneyard/KampNegationClosure/FoToVecEA.lean	FormalSystem.Metalogic.WeakCanonical.Kamp.NegationClosure	MISSING
FormalSystem/Boneyard/KampNegationClosure/NegationClosure.lean	FormalSystem.Metalogic.WeakCanonical.Kamp.NfCharFormula	MISSING
FormalSystem/Boneyard/KampNegationClosure/NegationClosureProp42.lean	FormalSystem.Metalogic.WeakCanonical.Kamp.NegationClosure5	MISSING
FormalSystem/Boneyard/QuasimodelOracle/OracleCoherence.lean	FormalSystem.Metalogic.Algebraic.ParametricCompleteness	MISSING
FormalSystem/Boneyard/QuasimodelOracle/OracleCoherence.lean	FormalSystem.Metalogic.Algebraic.RestrictedParametricTruthLemma	MISSING
FormalSystem/Boneyard/BundleSuccessorSeed/SuccExistence.lean	FormalSystem.Metalogic.Completeness	MISSING
FormalSystem/Boneyard/DeadChronicleGapElimination/ChronicleGapChainExcision.lean	FormalSystem.Metalogic.Algebraic.ParametricCanonical	MISSING
FormalSystem/Boneyard/DeadChronicleGapElimination/ChronicleGapChainExcision.lean	FormalSystem.Metalogic.Algebraic.ParametricHistory	MISSING
FormalSystem/Boneyard/DeadChronicleGapElimination/ChronicleGapChainExcision.lean	FormalSystem.Metalogic.Algebraic.ParametricCompleteness	MISSING
FormalSystem/Boneyard/DeadChronicleGapElimination/ChronicleGapChainExcision.lean	FormalSystem.Metalogic.Algebraic.RestrictedParametricTruthLemma	MISSING
FormalSystem/Boneyard/RabinovichPath/RabinovichGeneralized.lean	FormalSystem.Metalogic.WeakCanonical.Kamp.NfCharFormula	MISSING
FormalSystem/Boneyard/RabinovichPath/RabinovichGeneralized.lean	FormalSystem.Metalogic.WeakCanonical.Kamp.RabinovichNegation	MISSING
FormalSystem/Boneyard/RabinovichPath/RabinovichGeneralized.lean	FormalSystem.Metalogic.WeakCanonical.Kamp.NfComposition	MISSING
FormalSystem/Boneyard/RabinovichPath/RabinovichGeneralized.lean	FormalSystem.Metalogic.WeakCanonical.Kamp.SeparationBridge	MISSING
FormalSystem/Boneyard/RabinovichPath/RabinovichGeneralized.lean	FormalSystem.Metalogic.WeakCanonical.Kamp.KampBypass	MISSING
FormalSystem/Boneyard/RabinovichPath/RabinovichNegation.lean	FormalSystem.Metalogic.WeakCanonical.Kamp.NfCharFormula	MISSING
FormalSystem/Boneyard/RabinovichPath/RabinovichProp42.lean	FormalSystem.Metalogic.WeakCanonical.Kamp.NegationClosure	MISSING
FormalSystem/Boneyard/RabinovichPath/RabinovichWiring.lean	FormalSystem.Metalogic.WeakCanonical.Kamp.NfCharFormula	MISSING
FormalSystem/Boneyard/DefectDirectedChain/RootScopedChain.lean	FormalSystem.Metalogic.Algebraic.ParametricCompleteness	MISSING
FormalSystem/Boneyard/DefectDirectedChain/RootScopedChain.lean	FormalSystem.Metalogic.Algebraic.RestrictedParametricTruthLemma	MISSING
FormalSystem/Boneyard/VecEADecomposition/VecEADecomposition.lean	FormalSystem.Metalogic.WeakCanonical.Kamp.NegationClosureProp42	MISSING
FormalSystem/Boneyard/ChainCompleteness/Algebraic/DeterministicFMCS.lean	FormalSystem.Metalogic.Algebraic.ParametricTruthLemma	MISSING
FormalSystem/Boneyard/ChainCompleteness/Algebraic/DeterministicFMCS.lean	FormalSystem.Metalogic.Algebraic.ParametricCompleteness	MISSING
FormalSystem/Boneyard/ChainCompleteness/Bundle/MCSWitnessSuccessor.lean	FormalSystem.Metalogic.Bundle.SuccExistence	MISSING
FormalSystem/Boneyard/ChainCompleteness/Bundle/SimplifiedChain.lean	FormalSystem.Metalogic.Bundle.SuccExistence	MISSING
FormalSystem/Boneyard/StaviDiscretePath/DiscreteStaviCompleteness.lean	FormalSystem.Metalogic.WeakCanonical.EFGames.DiscreteGameTransfer	MISSING
FormalSystem/Boneyard/StaviDiscretePath/DiscreteStaviCompleteness.lean	FormalSystem.Metalogic.WeakCanonical.EFGames.NFGameBridge	MISSING
FormalSystem/Boneyard/ScheduleBasedBFMCS/RootScopedChain.lean	FormalSystem.Metalogic.Algebraic.ParametricCompleteness	MISSING
FormalSystem/Boneyard/ScheduleBasedBFMCS/RootScopedChain.lean	FormalSystem.Metalogic.Algebraic.RestrictedParametricTruthLemma	MISSING
FormalSystem/Boneyard/StrictSemanticsLegacy/Algebraic/DovetailedChain.lean	FormalSystem.Metalogic.Algebraic.ParametricTruthLemma	MISSING
FormalSystem/Boneyard/StrictSemanticsLegacy/Algebraic/RestrictedTruthLemma.lean	FormalSystem.Metalogic.Algebraic.ParametricTruthLemma	MISSING
FormalSystem/Boneyard/StrictSemanticsLegacy/Algebraic/RestrictedTruthLemma.lean	FormalSystem.Metalogic.Algebraic.ParametricHistory	MISSING
FormalSystem/Boneyard/StrictSemanticsLegacy/Algebraic/UltrafilterChain.lean	FormalSystem.Metalogic.Algebraic.ParametricTruthLemma	MISSING
FormalSystem/Boneyard/StrictSemanticsLegacy/Bundle/SuccChainFMCS.lean	FormalSystem.Metalogic.Bundle.SuccExistence	MISSING
FormalSystem/Boneyard/RestrictedMCSDeferral/Deferral.lean	FormalSystem.Metalogic.Bundle.SuccExistence	MISSING
FormalSystem/Metalogic/WeakCanonical/Kamp/Boneyard/KampComposition.lean	FormalSystem.Metalogic.WeakCanonical.Kamp.NfComposition	MISSING
FormalSystem/Metalogic/WeakCanonical/Kamp/Boneyard/NfExistTL.lean	FormalSystem.Metalogic.WeakCanonical.Kamp.FOToVEA	MISSING
